location_id,name,latitude,longitude,region,split_hint,land_context,source_location_id,land_score
pvgist_00437,Tight PVGIS 00437,-1.742100,37.141900,africa_east,train,benchmark_jitter,ke_nairobi,0.900000
pvgist_00679,Tight PVGIS 00679,-1.612100,36.581900,africa_east,train,benchmark_jitter,ke_nairobi,0.900000
pvgist_00643,Tight PVGIS 00643,-1.472100,36.821900,africa_east,train,benchmark_jitter,ke_nairobi,0.900000
pvgist_00407,Tight PVGIS 00407,-1.292100,36.641900,africa_east,train,benchmark_jitter,ke_nairobi,0.900000
pvgist_00671,Tight PVGIS 00671,-1.292100,37.001900,africa_east,train,benchmark_jitter,ke_nairobi,0.900000
pvgist_00025,Tight PVGIS 00025,-1.112100,36.821900,africa_east,train,benchmark_jitter,ke_nairobi,0.900000
pvgist_00506,Tight PVGIS 00506,-34.374900,18.744100,africa_south,train,benchmark_jitter,za_cape_town,0.900000
pvgist_00179,Tight PVGIS 00179,-34.244900,18.184100,africa_south,train,benchmark_jitter,za_cape_town,0.900000
pvgist_00062,Tight PVGIS 00062,-34.104900,18.424100,africa_south,train,benchmark_jitter,za_cape_town,0.900000
pvgist_00569,Tight PVGIS 00569,-33.924900,18.244100,africa_south,train,benchmark_jitter,za_cape_town,0.900000
pvgist_00507,Tight PVGIS 00507,34.888700,25.464200,balkans_greece_turkey,train,benchmark_jitter,gr_heraklion,0.900000
pvgist_00065,Tight PVGIS 00065,35.018700,24.904200,balkans_greece_turkey,train,benchmark_jitter,gr_heraklion,0.900000
pvgist_00170,Tight PVGIS 00170,35.338700,24.964200,balkans_greece_turkey,train,benchmark_jitter,gr_heraklion,0.900000
pvgist_00629,Tight PVGIS 00629,35.338700,25.324200,balkans_greece_turkey,train,benchmark_jitter,gr_heraklion,0.900000
pvgist_00086,Tight PVGIS 00086,35.788700,24.824200,balkans_greece_turkey,train,benchmark_jitter,gr_heraklion,0.900000
pvgist_00094,Tight PVGIS 00094,37.663800,23.487500,balkans_greece_turkey,train,benchmark_jitter,gr_athens,0.900000
pvgist_00481,Tight PVGIS 00481,37.973700,27.462800,balkans_greece_turkey,train,benchmark_jitter,tr_izmir,0.900000
pvgist_00034,Tight PVGIS 00034,37.983800,23.727500,balkans_greece_turkey,train,benchmark_jitter,gr_athens,0.900000
pvgist_00555,Tight PVGIS 00555,37.983800,23.907500,balkans_greece_turkey,train,benchmark_jitter,gr_athens,0.900000
pvgist_00458,Tight PVGIS 00458,38.243700,27.142800,balkans_greece_turkey,train,benchmark_jitter,tr_izmir,0.900000
pvgist_00402,Tight PVGIS 00402,38.246600,21.554600,balkans_greece_turkey,train,benchmark_jitter,gr_patra,0.900000
pvgist_00118,Tight PVGIS 00118,38.246600,21.914600,balkans_greece_turkey,train,benchmark_jitter,gr_patra,0.900000
pvgist_00521,Tight PVGIS 00521,38.303800,23.967500,balkans_greece_turkey,train,benchmark_jitter,gr_athens,0.900000
pvgist_00201,Tight PVGIS 00201,38.423700,27.142800,balkans_greece_turkey,train,benchmark_jitter,tr_izmir,0.900000
pvgist_00088,Tight PVGIS 00088,38.423700,27.322800,balkans_greece_turkey,train,benchmark_jitter,tr_izmir,0.900000
pvgist_00137,Tight PVGIS 00137,38.426600,21.734600,balkans_greece_turkey,train,benchmark_jitter,gr_patra,0.900000
pvgist_00523,Tight PVGIS 00523,38.566600,21.974600,balkans_greece_turkey,train,benchmark_jitter,gr_patra,0.900000
pvgist_00459,Tight PVGIS 00459,38.696600,21.414600,balkans_greece_turkey,train,benchmark_jitter,gr_patra,0.900000
pvgist_00618,Tight PVGIS 00618,38.873700,26.822800,balkans_greece_turkey,train,benchmark_jitter,tr_izmir,0.900000
pvgist_00381,Tight PVGIS 00381,39.483400,33.179700,balkans_greece_turkey,validation,benchmark_jitter,tr_ankara,0.900000
pvgist_00083,Tight PVGIS 00083,39.613400,32.619700,balkans_greece_turkey,validation,benchmark_jitter,tr_ankara,0.900000
pvgist_00302,Tight PVGIS 00302,39.753400,32.859700,balkans_greece_turkey,validation,benchmark_jitter,tr_ankara,0.900000
pvgist_00473,Tight PVGIS 00473,39.933400,32.859700,balkans_greece_turkey,validation,benchmark_jitter,tr_ankara,0.900000
pvgist_00662,Tight PVGIS 00662,39.933400,33.039700,balkans_greece_turkey,validation,benchmark_jitter,tr_ankara,0.900000
pvgist_00653,Tight PVGIS 00653,40.190100,23.264400,balkans_greece_turkey,validation,benchmark_jitter,gr_thessaloniki,0.900000
pvgist_00233,Tight PVGIS 00233,40.383400,32.539700,balkans_greece_turkey,train,benchmark_jitter,tr_ankara,0.900000
pvgist_00525,Tight PVGIS 00525,40.460100,22.944400,balkans_greece_turkey,validation,benchmark_jitter,gr_thessaloniki,0.900000
pvgist_00404,Tight PVGIS 00404,40.558200,29.298400,balkans_greece_turkey,validation,benchmark_jitter,tr_istanbul,0.900000
pvgist_00675,Tight PVGIS 00675,40.640100,22.764400,balkans_greece_turkey,validation,benchmark_jitter,gr_thessaloniki,0.900000
pvgist_00665,Tight PVGIS 00665,40.640100,22.944400,balkans_greece_turkey,validation,benchmark_jitter,gr_thessaloniki,0.900000
pvgist_00060,Tight PVGIS 00060,40.640100,23.124400,balkans_greece_turkey,validation,benchmark_jitter,gr_thessaloniki,0.900000
pvgist_00658,Tight PVGIS 00658,40.688200,28.738400,balkans_greece_turkey,validation,benchmark_jitter,tr_istanbul,0.900000
pvgist_00565,Tight PVGIS 00565,41.008200,28.798400,balkans_greece_turkey,validation,benchmark_jitter,tr_istanbul,0.900000
pvgist_00064,Tight PVGIS 00064,41.090100,22.624400,balkans_greece_turkey,validation,benchmark_jitter,gr_thessaloniki,0.900000
pvgist_00053,Tight PVGIS 00053,41.188200,28.978400,balkans_greece_turkey,validation,benchmark_jitter,tr_istanbul,0.900000
pvgist_00551,Tight PVGIS 00551,41.327500,19.638700,balkans_greece_turkey,train,benchmark_jitter,al_tirana,0.900000
pvgist_00680,Tight PVGIS 00680,41.327500,19.818700,balkans_greece_turkey,train,benchmark_jitter,al_tirana,0.900000
pvgist_00152,Tight PVGIS 00152,41.327500,19.998700,balkans_greece_turkey,train,benchmark_jitter,al_tirana,0.900000
pvgist_00650,Tight PVGIS 00650,41.458200,28.658400,balkans_greece_turkey,validation,benchmark_jitter,tr_istanbul,0.900000
pvgist_00227,Tight PVGIS 00227,41.507500,19.818700,balkans_greece_turkey,train,benchmark_jitter,al_tirana,0.900000
pvgist_00071,Tight PVGIS 00071,41.548100,21.745400,balkans_greece_turkey,validation,benchmark_jitter,mk_skopje,0.900000
pvgist_00157,Tight PVGIS 00157,41.647500,20.058700,balkans_greece_turkey,validation,benchmark_jitter,al_tirana,0.900000
pvgist_00545,Tight PVGIS 00545,41.777500,19.498700,balkans_greece_turkey,train,benchmark_jitter,al_tirana,0.900000
pvgist_00132,Tight PVGIS 00132,41.998100,21.425400,balkans_greece_turkey,validation,benchmark_jitter,mk_skopje,0.900000
pvgist_00151,Tight PVGIS 00151,41.998100,21.605400,balkans_greece_turkey,validation,benchmark_jitter,mk_skopje,0.900000
pvgist_00068,Tight PVGIS 00068,42.135400,24.565300,balkans_greece_turkey,validation,benchmark_jitter,bg_plovdiv,0.900000
pvgist_00072,Tight PVGIS 00072,42.135400,24.925300,balkans_greece_turkey,validation,benchmark_jitter,bg_plovdiv,0.900000
pvgist_00352,Tight PVGIS 00352,42.178100,21.425400,balkans_greece_turkey,validation,benchmark_jitter,mk_skopje,0.900000
pvgist_00009,Tight PVGIS 00009,42.430400,19.079400,balkans_greece_turkey,train,benchmark_jitter,me_podgorica,0.900000
pvgist_00308,Tight PVGIS 00308,42.430400,19.259400,balkans_greece_turkey,train,benchmark_jitter,me_podgorica,0.900000
pvgist_00323,Tight PVGIS 00323,42.430400,19.439400,balkans_greece_turkey,train,benchmark_jitter,me_podgorica,0.900000
pvgist_00390,Tight PVGIS 00390,42.517700,23.321900,balkans_greece_turkey,validation,benchmark_jitter,bg_sofia,0.900000
pvgist_00693,Tight PVGIS 00693,42.697700,23.141900,balkans_greece_turkey,validation,benchmark_jitter,bg_sofia,0.900000
pvgist_00467,Tight PVGIS 00467,42.697700,23.501900,balkans_greece_turkey,validation,benchmark_jitter,bg_sofia,0.900000
pvgist_00311,Tight PVGIS 00311,42.870900,22.215800,balkans_greece_turkey,validation,benchmark_jitter,rs_nis,0.900000
pvgist_00419,Tight PVGIS 00419,42.877700,23.321900,balkans_greece_turkey,validation,benchmark_jitter,bg_sofia,0.900000
pvgist_00585,Tight PVGIS 00585,42.880400,18.939400,balkans_greece_turkey,train,benchmark_jitter,me_podgorica,0.900000
pvgist_00215,Tight PVGIS 00215,43.000900,21.655800,balkans_greece_turkey,validation,benchmark_jitter,rs_nis,0.900000
pvgist_00667,Tight PVGIS 00667,43.058100,16.760200,balkans_greece_turkey,train,benchmark_jitter,hr_split,0.900000
pvgist_00694,Tight PVGIS 00694,43.320900,21.895800,balkans_greece_turkey,validation,benchmark_jitter,rs_nis,0.900000
pvgist_00181,Tight PVGIS 00181,43.328100,16.440200,balkans_greece_turkey,train,benchmark_jitter,hr_split,0.900000
pvgist_00700,Tight PVGIS 00700,43.406300,18.733100,balkans_greece_turkey,train,benchmark_jitter,ba_sarajevo,0.900000
pvgist_00222,Tight PVGIS 00222,43.500900,21.895800,balkans_greece_turkey,validation,benchmark_jitter,rs_nis,0.900000
pvgist_00438,Tight PVGIS 00438,43.536300,18.173100,balkans_greece_turkey,train,benchmark_jitter,ba_sarajevo,0.900000
pvgist_00366,Tight PVGIS 00366,43.770900,21.575800,balkans_greece_turkey,validation,benchmark_jitter,rs_nis,0.900000
pvgist_00200,Tight PVGIS 00200,43.828100,16.680200,balkans_greece_turkey,train,benchmark_jitter,hr_split,0.900000
pvgist_00672,Tight PVGIS 00672,43.856300,18.233100,balkans_greece_turkey,train,benchmark_jitter,ba_sarajevo,0.900000
pvgist_00631,Tight PVGIS 00631,43.958100,16.120200,balkans_greece_turkey,train,benchmark_jitter,hr_split,0.900000
pvgist_00176,Tight PVGIS 00176,44.036300,18.413100,balkans_greece_turkey,train,benchmark_jitter,ba_sarajevo,0.900000
pvgist_00668,Tight PVGIS 00668,44.106800,25.862500,balkans_greece_turkey,validation,benchmark_jitter,ro_bucharest,0.900000
pvgist_00622,Tight PVGIS 00622,44.336600,20.768900,balkans_greece_turkey,validation,benchmark_jitter,rs_belgrade,0.900000
pvgist_00318,Tight PVGIS 00318,44.426800,25.922500,balkans_greece_turkey,validation,benchmark_jitter,ro_bucharest,0.900000
pvgist_00013,Tight PVGIS 00013,44.426800,26.102500,balkans_greece_turkey,validation,benchmark_jitter,ro_bucharest,0.900000
pvgist_00017,Tight PVGIS 00017,44.746800,26.342500,balkans_greece_turkey,validation,benchmark_jitter,ro_bucharest,0.900000
pvgist_00085,Tight PVGIS 00085,44.786600,20.268900,balkans_greece_turkey,validation,benchmark_jitter,rs_belgrade,0.900000
pvgist_00130,Tight PVGIS 00130,44.966600,20.448900,balkans_greece_turkey,validation,benchmark_jitter,rs_belgrade,0.900000
pvgist_00079,Tight PVGIS 00079,45.236600,20.128900,balkans_greece_turkey,validation,benchmark_jitter,rs_belgrade,0.900000
pvgist_00216,Tight PVGIS 00216,45.736900,14.265800,balkans_greece_turkey,train,benchmark_jitter,si_ljubljana,0.900000
pvgist_00087,Tight PVGIS 00087,45.815000,15.981900,balkans_greece_turkey,train,benchmark_jitter,hr_zagreb,0.900000
pvgist_00252,Tight PVGIS 00252,45.815000,16.161900,balkans_greece_turkey,train,benchmark_jitter,hr_zagreb,0.900000
pvgist_00586,Tight PVGIS 00586,45.995000,15.981900,balkans_greece_turkey,train,benchmark_jitter,hr_zagreb,0.900000
pvgist_00424,Tight PVGIS 00424,46.056900,14.505800,balkans_greece_turkey,train,benchmark_jitter,si_ljubljana,0.900000
pvgist_00374,Tight PVGIS 00374,46.056900,14.685800,balkans_greece_turkey,train,benchmark_jitter,si_ljubljana,0.900000
pvgist_00674,Tight PVGIS 00674,46.135000,16.221900,balkans_greece_turkey,train,benchmark_jitter,hr_zagreb,0.900000
pvgist_00535,Tight PVGIS 00535,46.236900,14.505800,balkans_greece_turkey,train,benchmark_jitter,si_ljubljana,0.900000
pvgist_00550,Tight PVGIS 00550,46.265000,15.661900,balkans_greece_turkey,train,benchmark_jitter,hr_zagreb,0.900000
pvgist_00292,Tight PVGIS 00292,46.321200,23.943600,balkans_greece_turkey,validation,benchmark_jitter,ro_cluj,0.900000
pvgist_00456,Tight PVGIS 00456,46.376900,14.745800,balkans_greece_turkey,train,benchmark_jitter,si_ljubljana,0.900000
pvgist_00483,Tight PVGIS 00483,46.451200,23.383600,balkans_greece_turkey,validation,benchmark_jitter,ro_cluj,0.900000
pvgist_00439,Tight PVGIS 00439,46.591200,23.623600,balkans_greece_turkey,validation,benchmark_jitter,ro_cluj,0.900000
pvgist_00511,Tight PVGIS 00511,46.771200,23.803600,balkans_greece_turkey,validation,benchmark_jitter,ro_cluj,0.900000
pvgist_00457,Tight PVGIS 00457,47.221200,23.303600,balkans_greece_turkey,validation,benchmark_jitter,ro_cluj,0.900000
pvgist_00593,Tight PVGIS 00593,45.754400,6.463200,central_europe,train,benchmark_jitter,ch_geneva,0.900000
pvgist_00637,Tight PVGIS 00637,45.884400,5.903200,central_europe,train,benchmark_jitter,ch_geneva,0.900000
pvgist_00434,Tight PVGIS 00434,46.926900,8.861700,central_europe,train,benchmark_jitter,ch_zurich,0.900000
pvgist_00666,Tight PVGIS 00666,47.070700,15.439500,central_europe,train,benchmark_jitter,at_graz,0.900000
pvgist_00626,Tight PVGIS 00626,47.070700,15.619500,central_europe,train,benchmark_jitter,at_graz,0.900000
pvgist_00105,Tight PVGIS 00105,47.250700,15.439500,central_europe,train,benchmark_jitter,at_graz,0.900000
pvgist_00134,Tight PVGIS 00134,47.376900,8.361700,central_europe,train,benchmark_jitter,ch_zurich,0.900000
pvgist_00612,Tight PVGIS 00612,47.376900,8.541700,central_europe,train,benchmark_jitter,ch_zurich,0.900000
pvgist_00429,Tight PVGIS 00429,47.390700,15.679500,central_europe,train,benchmark_jitter,at_graz,0.900000
pvgist_00651,Tight PVGIS 00651,47.520700,15.119500,central_europe,train,benchmark_jitter,at_graz,0.900000
pvgist_00526,Tight PVGIS 00526,47.696900,8.781700,central_europe,train,benchmark_jitter,ch_zurich,0.900000
pvgist_00686,Tight PVGIS 00686,47.758200,16.693800,central_europe,train,benchmark_jitter,at_vienna,0.900000
pvgist_00160,Tight PVGIS 00160,47.888200,16.133800,central_europe,train,benchmark_jitter,at_vienna,0.900000
pvgist_00172,Tight PVGIS 00172,48.028200,16.373800,central_europe,train,benchmark_jitter,at_vienna,0.900000
pvgist_00355,Tight PVGIS 00355,48.135100,11.762000,central_europe,train,benchmark_jitter,de_munich,0.900000
pvgist_00073,Tight PVGIS 00073,48.208200,16.553800,central_europe,train,benchmark_jitter,at_vienna,0.900000
pvgist_00392,Tight PVGIS 00392,48.315100,11.582000,central_europe,train,benchmark_jitter,de_munich,0.900000
pvgist_00669,Tight PVGIS 00669,48.388200,16.373800,central_europe,train,benchmark_jitter,at_vienna,0.900000
pvgist_00051,Tight PVGIS 00051,48.528200,16.613800,central_europe,train,benchmark_jitter,at_vienna,0.900000
pvgist_00258,Tight PVGIS 00258,48.585100,11.262000,central_europe,train,benchmark_jitter,de_munich,0.900000
pvgist_00178,Tight PVGIS 00178,48.595800,9.182900,central_europe,train,benchmark_jitter,de_stuttgart,0.900000
pvgist_00244,Tight PVGIS 00244,48.658200,16.053800,central_europe,train,benchmark_jitter,at_vienna,0.900000
pvgist_00670,Tight PVGIS 00670,48.775800,9.002900,central_europe,train,benchmark_jitter,de_stuttgart,0.900000
pvgist_00337,Tight PVGIS 00337,48.775800,9.182900,central_europe,train,benchmark_jitter,de_stuttgart,0.900000
pvgist_00293,Tight PVGIS 00293,49.095800,9.422900,central_europe,train,benchmark_jitter,de_stuttgart,0.900000
pvgist_00210,Tight PVGIS 00210,49.132100,10.836700,central_europe,train,benchmark_jitter,de_nuremberg,0.900000
pvgist_00684,Tight PVGIS 00684,49.452100,10.896700,central_europe,train,benchmark_jitter,de_nuremberg,0.900000
pvgist_00403,Tight PVGIS 00403,49.452100,11.076700,central_europe,train,benchmark_jitter,de_nuremberg,0.900000
pvgist_00420,Tight PVGIS 00420,49.632100,11.076700,central_europe,train,benchmark_jitter,de_nuremberg,0.900000
pvgist_00146,Tight PVGIS 00146,49.772100,11.316700,central_europe,train,benchmark_jitter,de_nuremberg,0.900000
pvgist_00023,Tight PVGIS 00023,49.790900,8.442100,central_europe,train,benchmark_jitter,de_frankfurt,0.900000
pvgist_00022,Tight PVGIS 00022,49.902100,10.756700,central_europe,train,benchmark_jitter,de_nuremberg,0.900000
pvgist_00557,Tight PVGIS 00557,50.110900,8.682100,central_europe,train,benchmark_jitter,de_frankfurt,0.900000
pvgist_00093,Tight PVGIS 00093,50.430900,8.922100,central_europe,train,benchmark_jitter,de_frankfurt,0.900000
pvgist_00338,Tight PVGIS 00338,50.530300,4.111700,central_europe,train,benchmark_jitter,be_brussels,0.900000
pvgist_00024,Tight PVGIS 00024,50.560900,8.362100,central_europe,train,benchmark_jitter,de_frankfurt,0.900000
pvgist_00558,Tight PVGIS 00558,50.730400,13.497300,central_europe,validation,benchmark_jitter,de_dresden,0.900000
pvgist_00639,Tight PVGIS 00639,50.757500,6.960300,central_europe,train,benchmark_jitter,de_cologne,0.900000
pvgist_00042,Tight PVGIS 00042,50.769400,4.722500,central_europe,train,benchmark_jitter,be_antwerp,0.900000
pvgist_00291,Tight PVGIS 00291,50.899400,4.162500,central_europe,train,benchmark_jitter,be_antwerp,0.900000
pvgist_00007,Tight PVGIS 00007,50.907700,6.533500,central_europe,train,benchmark_jitter,de_dusseldorf,0.900000
pvgist_00677,Tight PVGIS 00677,50.937500,6.780300,central_europe,train,benchmark_jitter,de_cologne,0.900000
pvgist_00401,Tight PVGIS 00401,50.937500,6.960300,central_europe,train,benchmark_jitter,de_cologne,0.900000
pvgist_00564,Tight PVGIS 00564,51.019700,12.133100,central_europe,validation,benchmark_jitter,de_leipzig,0.900000
pvgist_00348,Tight PVGIS 00348,51.039400,4.402500,central_europe,train,benchmark_jitter,be_antwerp,0.900000
pvgist_00012,Tight PVGIS 00012,51.047700,6.773500,central_europe,train,benchmark_jitter,de_dusseldorf,0.900000
pvgist_00508,Tight PVGIS 00508,51.050400,13.737300,central_europe,validation,benchmark_jitter,de_dresden,0.900000
pvgist_00169,Tight PVGIS 00169,51.219400,4.222500,central_europe,train,benchmark_jitter,be_antwerp,0.900000
pvgist_00324,Tight PVGIS 00324,51.219400,4.402500,central_europe,train,benchmark_jitter,be_antwerp,0.900000
pvgist_00207,Tight PVGIS 00207,51.219400,4.582500,central_europe,train,benchmark_jitter,be_antwerp,0.900000
pvgist_00370,Tight PVGIS 00370,51.227700,6.773500,central_europe,train,benchmark_jitter,de_dusseldorf,0.900000
pvgist_00131,Tight PVGIS 00131,51.230400,13.737300,central_europe,validation,benchmark_jitter,de_dresden,0.900000
pvgist_00654,Tight PVGIS 00654,51.300300,4.031700,central_europe,train,benchmark_jitter,be_brussels,0.900000
pvgist_00502,Tight PVGIS 00502,51.339700,12.373100,central_europe,validation,benchmark_jitter,de_leipzig,0.900000
pvgist_00363,Tight PVGIS 00363,51.339700,12.553100,central_europe,validation,benchmark_jitter,de_leipzig,0.900000
pvgist_00155,Tight PVGIS 00155,51.370400,13.977300,central_europe,validation,benchmark_jitter,de_dresden,0.900000
pvgist_00239,Tight PVGIS 00239,51.387500,6.640300,central_europe,train,benchmark_jitter,de_cologne,0.900000
pvgist_00570,Tight PVGIS 00570,51.399400,4.402500,central_europe,train,benchmark_jitter,be_antwerp,0.900000
pvgist_00282,Tight PVGIS 00282,51.407700,6.773500,central_europe,train,benchmark_jitter,de_dusseldorf,0.900000
pvgist_00057,Tight PVGIS 00057,51.513600,7.285300,central_europe,train,benchmark_jitter,de_dortmund,0.900000
pvgist_00149,Tight PVGIS 00149,51.513600,7.465300,central_europe,train,benchmark_jitter,de_dortmund,0.900000
pvgist_00656,Tight PVGIS 00656,51.513600,7.645300,central_europe,train,benchmark_jitter,de_dortmund,0.900000
pvgist_00269,Tight PVGIS 00269,51.539400,4.642500,central_europe,train,benchmark_jitter,be_antwerp,0.900000
pvgist_00590,Tight PVGIS 00590,51.604400,4.237700,central_europe,train,benchmark_jitter,nl_rotterdam,0.900000
pvgist_00617,Tight PVGIS 00617,51.693600,7.465300,central_europe,train,benchmark_jitter,de_dortmund,0.900000
pvgist_00447,Tight PVGIS 00447,51.917600,5.224100,central_europe,train,benchmark_jitter,nl_amsterdam,0.900000
pvgist_00383,Tight PVGIS 00383,51.924400,4.657700,central_europe,train,benchmark_jitter,nl_rotterdam,0.900000
pvgist_00164,Tight PVGIS 00164,52.047600,4.664100,central_europe,train,benchmark_jitter,nl_amsterdam,0.900000
pvgist_00375,Tight PVGIS 00375,52.187600,4.904100,central_europe,train,benchmark_jitter,nl_amsterdam,0.900000
pvgist_00279,Tight PVGIS 00279,52.244400,4.717700,central_europe,train,benchmark_jitter,nl_rotterdam,0.900000
pvgist_00077,Tight PVGIS 00077,52.367600,4.724100,central_europe,train,benchmark_jitter,nl_amsterdam,0.900000
pvgist_00175,Tight PVGIS 00175,52.367600,4.904100,central_europe,train,benchmark_jitter,nl_amsterdam,0.900000
pvgist_00681,Tight PVGIS 00681,52.520000,13.405000,central_europe,validation,benchmark_jitter,de_berlin,0.900000
pvgist_00357,Tight PVGIS 00357,52.687600,5.144100,central_europe,train,benchmark_jitter,nl_amsterdam,0.900000
pvgist_00583,Tight PVGIS 00583,52.840000,13.645000,central_europe,validation,benchmark_jitter,de_berlin,0.900000
pvgist_00193,Tight PVGIS 00193,53.079300,8.621700,central_europe,train,benchmark_jitter,de_bremen,0.900000
pvgist_00541,Tight PVGIS 00541,53.079300,8.801700,central_europe,train,benchmark_jitter,de_bremen,0.900000
pvgist_00260,Tight PVGIS 00260,53.079300,8.981700,central_europe,train,benchmark_jitter,de_bremen,0.900000
pvgist_00516,Tight PVGIS 00516,53.101100,10.313700,central_europe,validation,benchmark_jitter,de_hamburg,0.900000
pvgist_00616,Tight PVGIS 00616,53.231100,9.753700,central_europe,train,benchmark_jitter,de_hamburg,0.900000
pvgist_00171,Tight PVGIS 00171,53.259300,8.801700,central_europe,train,benchmark_jitter,de_bremen,0.900000
pvgist_00490,Tight PVGIS 00490,53.371100,9.993700,central_europe,train,benchmark_jitter,de_hamburg,0.900000
pvgist_00380,Tight PVGIS 00380,53.871100,10.233700,central_europe,validation,benchmark_jitter,de_hamburg,0.900000
pvgist_00384,Tight PVGIS 00384,54.001100,9.673700,central_europe,train,benchmark_jitter,de_hamburg,0.900000
pvgist_00153,Tight PVGIS 00153,43.257000,12.236000,europe_mediterranean,train,benchmark_jitter,it_tuscany_apennines,0.900000
pvgist_00647,Tight PVGIS 00647,43.387000,11.676000,europe_mediterranean,train,benchmark_jitter,it_tuscany_apennines,0.900000
pvgist_00690,Tight PVGIS 00690,43.707000,12.096000,europe_mediterranean,train,benchmark_jitter,it_tuscany_apennines,0.900000
pvgist_00619,Tight PVGIS 00619,43.887000,11.916000,europe_mediterranean,train,benchmark_jitter,it_tuscany_apennines,0.900000
pvgist_00432,Tight PVGIS 00432,44.027000,12.156000,europe_mediterranean,train,benchmark_jitter,it_tuscany_apennines,0.900000
pvgist_00340,Tight PVGIS 00340,44.157000,11.596000,europe_mediterranean,train,benchmark_jitter,it_tuscany_apennines,0.900000
pvgist_00361,Tight PVGIS 00361,58.879300,18.388600,europe_north,validation,benchmark_jitter,se_stockholm,0.900000
pvgist_00482,Tight PVGIS 00482,59.009300,17.828600,europe_north,validation,benchmark_jitter,se_stockholm,0.900000
pvgist_00183,Tight PVGIS 00183,59.509300,18.068600,europe_north,validation,benchmark_jitter,se_stockholm,0.900000
pvgist_00692,Tight PVGIS 00692,59.649300,18.308600,europe_north,validation,benchmark_jitter,se_stockholm,0.900000
pvgist_00596,Tight PVGIS 00596,59.779300,17.748600,europe_north,validation,benchmark_jitter,se_stockholm,0.900000
pvgist_00397,Tight PVGIS 00397,51.057400,0.192200,europe_temperate,train,benchmark_jitter,gb_london,0.900000
pvgist_00080,Tight PVGIS 00080,51.187400,-0.367800,europe_temperate,train,benchmark_jitter,gb_london,0.900000
pvgist_00695,Tight PVGIS 00695,51.507400,0.052200,europe_temperate,train,benchmark_jitter,gb_london,0.900000
pvgist_00270,Tight PVGIS 00270,51.779700,21.332200,europe_temperate,train,benchmark_jitter,pl_warsaw,0.900000
pvgist_00645,Tight PVGIS 00645,51.909700,20.772200,europe_temperate,train,benchmark_jitter,pl_warsaw,0.900000
pvgist_00501,Tight PVGIS 00501,51.957400,-0.447800,europe_temperate,train,benchmark_jitter,gb_london,0.900000
pvgist_00294,Tight PVGIS 00294,52.049700,21.012200,europe_temperate,train,benchmark_jitter,pl_warsaw,0.900000
pvgist_00288,Tight PVGIS 00288,52.229700,21.192200,europe_temperate,train,benchmark_jitter,pl_warsaw,0.900000
pvgist_00275,Tight PVGIS 00275,52.409700,21.012200,europe_temperate,train,benchmark_jitter,pl_warsaw,0.900000
pvgist_00050,Tight PVGIS 00050,52.549700,21.252200,europe_temperate,train,benchmark_jitter,pl_warsaw,0.900000
pvgist_00016,Tight PVGIS 00016,52.679700,20.692200,europe_temperate,train,benchmark_jitter,pl_warsaw,0.900000
pvgist_00450,Tight PVGIS 00450,41.599200,8.498600,france,train,benchmark_jitter,fr_ajaccio,0.900000
pvgist_00250,Tight PVGIS 00250,42.099200,8.738600,france,train,benchmark_jitter,fr_ajaccio,0.900000
pvgist_00054,Tight PVGIS 00054,42.238700,3.214800,france,train,benchmark_jitter,fr_perpignan,0.900000
pvgist_00202,Tight PVGIS 00202,42.239200,8.978600,france,train,benchmark_jitter,fr_ajaccio,0.900000
pvgist_00217,Tight PVGIS 00217,42.247300,9.770900,france,train,benchmark_jitter,fr_bastia,0.900000
pvgist_00454,Tight PVGIS 00454,42.369200,8.418600,france,train,benchmark_jitter,fr_ajaccio,0.900000
pvgist_00303,Tight PVGIS 00303,42.377300,9.210900,france,train,benchmark_jitter,fr_bastia,0.900000
pvgist_00345,Tight PVGIS 00345,42.508700,2.894800,france,train,benchmark_jitter,fr_perpignan,0.900000
pvgist_00534,Tight PVGIS 00534,42.674200,6.248000,france,train,benchmark_jitter,fr_toulon,0.900000
pvgist_00136,Tight PVGIS 00136,42.688700,3.074800,france,train,benchmark_jitter,fr_perpignan,0.900000
pvgist_00107,Tight PVGIS 00107,42.697300,9.270900,france,train,benchmark_jitter,fr_bastia,0.900000
pvgist_00476,Tight PVGIS 00476,42.697300,9.450900,france,train,benchmark_jitter,fr_bastia,0.900000
pvgist_00676,Tight PVGIS 00676,42.846500,5.689800,france,train,benchmark_jitter,fr_marseille,0.900000
pvgist_00081,Tight PVGIS 00081,42.868700,2.894800,france,train,benchmark_jitter,fr_perpignan,0.900000
pvgist_00554,Tight PVGIS 00554,42.877300,9.450900,france,train,benchmark_jitter,fr_bastia,0.900000
pvgist_00544,Tight PVGIS 00544,42.976500,5.129800,france,train,benchmark_jitter,fr_marseille,0.900000
pvgist_00356,Tight PVGIS 00356,43.017300,9.690900,france,train,benchmark_jitter,fr_bastia,0.900000
pvgist_00646,Tight PVGIS 00646,43.124200,5.748000,france,train,benchmark_jitter,fr_toulon,0.900000
pvgist_00519,Tight PVGIS 00519,43.124200,5.928000,france,train,benchmark_jitter,fr_toulon,0.900000
pvgist_00184,Tight PVGIS 00184,43.124200,6.108000,france,train,benchmark_jitter,fr_toulon,0.900000
pvgist_00359,Tight PVGIS 00359,43.138700,2.574800,france,train,benchmark_jitter,fr_perpignan,0.900000
pvgist_00154,Tight PVGIS 00154,43.160800,4.196700,france,train,benchmark_jitter,fr_montpellier,0.900000
pvgist_00343,Tight PVGIS 00343,43.284700,1.204200,france,train,benchmark_jitter,fr_toulouse,0.900000
pvgist_00096,Tight PVGIS 00096,43.390200,7.022000,france,train,benchmark_jitter,fr_nice,0.900000
pvgist_00161,Tight PVGIS 00161,43.424700,1.444200,france,train,benchmark_jitter,fr_toulouse,0.900000
pvgist_00241,Tight PVGIS 00241,43.444200,6.168000,france,train,benchmark_jitter,fr_toulon,0.900000
pvgist_00015,Tight PVGIS 00015,43.476500,5.369800,france,train,benchmark_jitter,fr_marseille,0.900000
pvgist_00597,Tight PVGIS 00597,43.530200,7.262000,france,train,benchmark_jitter,fr_nice,0.900000
pvgist_00127,Tight PVGIS 00127,43.604700,1.444200,france,train,benchmark_jitter,fr_toulouse,0.900000
pvgist_00026,Tight PVGIS 00026,43.610800,3.876700,france,train,benchmark_jitter,fr_montpellier,0.900000
pvgist_00517,Tight PVGIS 00517,43.610800,4.056700,france,train,benchmark_jitter,fr_montpellier,0.900000
pvgist_00613,Tight PVGIS 00613,43.710200,7.082000,france,train,benchmark_jitter,fr_nice,0.900000
pvgist_00514,Tight PVGIS 00514,43.746500,5.049800,france,train,benchmark_jitter,fr_marseille,0.900000
pvgist_00601,Tight PVGIS 00601,43.784700,1.444200,france,train,benchmark_jitter,fr_toulouse,0.900000
pvgist_00539,Tight PVGIS 00539,43.924700,1.684200,france,train,benchmark_jitter,fr_toulouse,0.900000
pvgist_00460,Tight PVGIS 00460,44.030200,7.502000,france,train,benchmark_jitter,fr_nice,0.900000
pvgist_00285,Tight PVGIS 00285,44.054700,1.124200,france,train,benchmark_jitter,fr_toulouse,0.900000
pvgist_00048,Tight PVGIS 00048,44.060800,3.556700,france,train,benchmark_jitter,fr_montpellier,0.900000
pvgist_00394,Tight PVGIS 00394,44.517800,-0.819200,france,test,benchmark_jitter,fr_bordeaux,0.900000
pvgist_00533,Tight PVGIS 00533,44.837800,-0.759200,france,test,benchmark_jitter,fr_bordeaux,0.900000
pvgist_00205,Tight PVGIS 00205,44.837800,-0.579200,france,test,benchmark_jitter,fr_bordeaux,0.900000
pvgist_00373,Tight PVGIS 00373,44.837800,-0.399200,france,test,benchmark_jitter,fr_bordeaux,0.900000
pvgist_00581,Tight PVGIS 00581,44.868500,5.484500,france,train,benchmark_jitter,fr_grenoble,0.900000
pvgist_00109,Tight PVGIS 00109,45.008500,5.724500,france,train,benchmark_jitter,fr_grenoble,0.900000
pvgist_00036,Tight PVGIS 00036,45.017800,-0.579200,france,test,benchmark_jitter,fr_bordeaux,0.900000
pvgist_00124,Tight PVGIS 00124,45.157800,-0.339200,france,test,benchmark_jitter,fr_bordeaux,0.900000
pvgist_00362,Tight PVGIS 00362,45.188500,5.904500,france,train,benchmark_jitter,fr_grenoble,0.900000
pvgist_00190,Tight PVGIS 00190,45.368500,5.724500,france,train,benchmark_jitter,fr_grenoble,0.900000
pvgist_00368,Tight PVGIS 00368,45.444000,4.595700,france,train,benchmark_jitter,fr_lyon,0.900000
pvgist_00159,Tight PVGIS 00159,45.584000,4.835700,france,train,benchmark_jitter,fr_lyon,0.900000
pvgist_00621,Tight PVGIS 00621,45.597200,3.087000,france,train,benchmark_jitter,fr_clermont_ferrand,0.900000
pvgist_00461,Tight PVGIS 00461,45.638500,5.404500,france,train,benchmark_jitter,fr_grenoble,0.900000
pvgist_00148,Tight PVGIS 00148,45.777200,2.907000,france,train,benchmark_jitter,fr_clermont_ferrand,0.900000
pvgist_00140,Tight PVGIS 00140,45.777200,3.087000,france,train,benchmark_jitter,fr_clermont_ferrand,0.900000
pvgist_00082,Tight PVGIS 00082,45.944000,4.835700,france,train,benchmark_jitter,fr_lyon,0.900000
pvgist_00277,Tight PVGIS 00277,46.084000,5.075700,france,train,benchmark_jitter,fr_lyon,0.900000
pvgist_00691,Tight PVGIS 00691,46.214000,4.515700,france,train,benchmark_jitter,fr_lyon,0.900000
pvgist_00416,Tight PVGIS 00416,46.872000,5.361500,france,train,benchmark_jitter,fr_dijon,0.900000
pvgist_00537,Tight PVGIS 00537,46.898400,-1.793600,france,test,benchmark_jitter,fr_nantes,0.900000
pvgist_00203,Tight PVGIS 00203,47.038400,-1.553600,france,test,benchmark_jitter,fr_nantes,0.900000
pvgist_00310,Tight PVGIS 00310,47.142000,5.041500,france,train,benchmark_jitter,fr_dijon,0.900000
pvgist_00638,Tight PVGIS 00638,47.218400,-1.733600,france,test,benchmark_jitter,fr_nantes,0.900000
pvgist_00117,Tight PVGIS 00117,47.218400,-1.553600,france,test,benchmark_jitter,fr_nantes,0.900000
pvgist_00326,Tight PVGIS 00326,47.322000,4.861500,france,train,benchmark_jitter,fr_dijon,0.900000
pvgist_00297,Tight PVGIS 00297,47.322000,5.041500,france,train,benchmark_jitter,fr_dijon,0.900000
pvgist_00562,Tight PVGIS 00562,47.502000,5.041500,france,train,benchmark_jitter,fr_dijon,0.900000
pvgist_00453,Tight PVGIS 00453,47.642000,5.281500,france,train,benchmark_jitter,fr_dijon,0.900000
pvgist_00162,Tight PVGIS 00162,47.667300,-1.357800,france,test,benchmark_jitter,fr_rennes,0.900000
pvgist_00556,Tight PVGIS 00556,48.070400,-4.726100,france,test,benchmark_jitter,fr_brest,0.900000
pvgist_00648,Tight PVGIS 00648,48.117300,-1.857800,france,test,benchmark_jitter,fr_rennes,0.900000
pvgist_00649,Tight PVGIS 00649,48.117300,-1.677800,france,test,benchmark_jitter,fr_rennes,0.900000
pvgist_00070,Tight PVGIS 00070,48.117300,-1.497800,france,test,benchmark_jitter,fr_rennes,0.900000
pvgist_00567,Tight PVGIS 00567,48.123400,8.072100,france,train,benchmark_jitter,fr_strasbourg,0.900000
pvgist_00128,Tight PVGIS 00128,48.210400,-4.486100,france,test,benchmark_jitter,fr_brest,0.900000
pvgist_00435,Tight PVGIS 00435,48.253400,7.512100,france,train,benchmark_jitter,fr_strasbourg,0.900000
pvgist_00659,Tight PVGIS 00659,48.390400,-4.666100,france,test,benchmark_jitter,fr_brest,0.900000
pvgist_00494,Tight PVGIS 00494,48.390400,-4.486100,france,test,benchmark_jitter,fr_brest,0.900000
pvgist_00307,Tight PVGIS 00307,48.437300,-1.437800,france,test,benchmark_jitter,fr_rennes,0.900000
pvgist_00328,Tight PVGIS 00328,48.536600,2.112200,france,train,benchmark_jitter,fr_paris,0.900000
pvgist_00623,Tight PVGIS 00623,48.567300,-1.997800,france,test,benchmark_jitter,fr_rennes,0.900000
pvgist_00436,Tight PVGIS 00436,48.570400,-4.486100,france,test,benchmark_jitter,fr_brest,0.900000
pvgist_00477,Tight PVGIS 00477,48.573400,7.572100,france,train,benchmark_jitter,fr_strasbourg,0.900000
pvgist_00491,Tight PVGIS 00491,48.573400,7.932100,france,train,benchmark_jitter,fr_strasbourg,0.900000
pvgist_00518,Tight PVGIS 00518,48.676600,2.352200,france,train,benchmark_jitter,fr_paris,0.900000
pvgist_00300,Tight PVGIS 00300,48.710400,-4.246100,france,test,benchmark_jitter,fr_brest,0.900000
pvgist_00180,Tight PVGIS 00180,48.753400,7.752100,france,train,benchmark_jitter,fr_strasbourg,0.900000
pvgist_00232,Tight PVGIS 00232,48.808300,4.351700,france,train,benchmark_jitter,fr_reims,0.900000
pvgist_00561,Tight PVGIS 00561,48.840400,-4.806100,france,test,benchmark_jitter,fr_brest,0.900000
pvgist_00115,Tight PVGIS 00115,48.856600,2.532200,france,train,benchmark_jitter,fr_paris,0.900000
pvgist_00411,Tight PVGIS 00411,48.893400,7.992100,france,train,benchmark_jitter,fr_strasbourg,0.900000
pvgist_00414,Tight PVGIS 00414,48.938300,3.791700,france,train,benchmark_jitter,fr_reims,0.900000
pvgist_00418,Tight PVGIS 00418,49.023400,7.432100,france,train,benchmark_jitter,fr_strasbourg,0.900000
pvgist_00189,Tight PVGIS 00189,49.036600,2.352200,france,train,benchmark_jitter,fr_paris,0.900000
pvgist_00197,Tight PVGIS 00197,49.176600,2.592200,france,train,benchmark_jitter,fr_paris,0.900000
pvgist_00442,Tight PVGIS 00442,49.258300,4.211700,france,train,benchmark_jitter,fr_reims,0.900000
pvgist_00011,Tight PVGIS 00011,49.306600,2.032200,france,train,benchmark_jitter,fr_paris,0.900000
pvgist_00114,Tight PVGIS 00114,49.438300,4.031700,france,train,benchmark_jitter,fr_reims,0.900000
pvgist_00265,Tight PVGIS 00265,50.449200,3.057300,france,train,benchmark_jitter,fr_lille,0.900000
pvgist_00276,Tight PVGIS 00276,50.629200,2.877300,france,train,benchmark_jitter,fr_lille,0.900000
pvgist_00497,Tight PVGIS 00497,50.949200,3.297300,france,train,benchmark_jitter,fr_lille,0.900000
pvgist_00594,Tight PVGIS 00594,27.803500,-15.676300,iberia,train,benchmark_jitter,es_palmas,0.900000
pvgist_00603,Tight PVGIS 00603,28.013600,-15.931800,iberia,train,benchmark_jitter,es_santa_cruz_tenerife,0.900000
pvgist_00367,Tight PVGIS 00367,28.123500,-15.256300,iberia,train,benchmark_jitter,es_palmas,0.900000
pvgist_00235,Tight PVGIS 00235,28.143600,-16.491800,iberia,train,benchmark_jitter,es_santa_cruz_tenerife,0.900000
pvgist_00098,Tight PVGIS 00098,28.283600,-16.251800,iberia,train,benchmark_jitter,es_santa_cruz_tenerife,0.900000
pvgist_00052,Tight PVGIS 00052,28.443500,-15.196300,iberia,train,benchmark_jitter,es_palmas,0.900000
pvgist_00488,Tight PVGIS 00488,28.463600,-16.431800,iberia,train,benchmark_jitter,es_santa_cruz_tenerife,0.900000
pvgist_00312,Tight PVGIS 00312,28.463600,-16.251800,iberia,train,benchmark_jitter,es_santa_cruz_tenerife,0.900000
pvgist_00112,Tight PVGIS 00112,28.463600,-16.071800,iberia,train,benchmark_jitter,es_santa_cruz_tenerife,0.900000
pvgist_00272,Tight PVGIS 00272,28.573500,-15.756300,iberia,train,benchmark_jitter,es_palmas,0.900000
pvgist_00055,Tight PVGIS 00055,28.643600,-16.251800,iberia,train,benchmark_jitter,es_santa_cruz_tenerife,0.900000
pvgist_00223,Tight PVGIS 00223,28.783600,-16.011800,iberia,train,benchmark_jitter,es_santa_cruz_tenerife,0.900000
pvgist_00635,Tight PVGIS 00635,36.271300,-4.101400,iberia,train,benchmark_jitter,es_malaga,0.900000
pvgist_00685,Tight PVGIS 00685,36.401300,-4.661400,iberia,train,benchmark_jitter,es_malaga,0.900000
pvgist_00043,Tight PVGIS 00043,36.541300,-4.421400,iberia,train,benchmark_jitter,es_malaga,0.900000
pvgist_00187,Tight PVGIS 00187,36.569400,-7.610400,iberia,train,benchmark_jitter,pt_faro,0.900000
pvgist_00398,Tight PVGIS 00398,36.721300,-4.601400,iberia,train,benchmark_jitter,es_malaga,0.900000
pvgist_00486,Tight PVGIS 00486,36.727300,-3.278600,iberia,train,benchmark_jitter,es_granada,0.900000
pvgist_00226,Tight PVGIS 00226,36.839400,-7.930400,iberia,train,benchmark_jitter,pt_faro,0.900000
pvgist_00360,Tight PVGIS 00360,36.901300,-4.421400,iberia,train,benchmark_jitter,es_malaga,0.900000
pvgist_00605,Tight PVGIS 00605,37.019400,-8.110400,iberia,train,benchmark_jitter,pt_faro,0.900000
pvgist_00410,Tight PVGIS 00410,37.019400,-7.930400,iberia,train,benchmark_jitter,pt_faro,0.900000
pvgist_00029,Tight PVGIS 00029,37.171300,-4.741400,iberia,train,benchmark_jitter,es_malaga,0.900000
pvgist_00492,Tight PVGIS 00492,37.177300,-3.598600,iberia,train,benchmark_jitter,es_granada,0.900000
pvgist_00074,Tight PVGIS 00074,37.389100,-6.164500,iberia,train,benchmark_jitter,es_sevilla,0.900000
pvgist_00041,Tight PVGIS 00041,37.389100,-5.984500,iberia,train,benchmark_jitter,es_sevilla,0.900000
pvgist_00475,Tight PVGIS 00475,37.497300,-3.358600,iberia,train,benchmark_jitter,es_granada,0.900000
pvgist_00209,Tight PVGIS 00209,37.569100,-5.984500,iberia,train,benchmark_jitter,es_sevilla,0.900000
pvgist_00682,Tight PVGIS 00682,37.708200,-4.779400,iberia,train,benchmark_jitter,es_cordoba,0.900000
pvgist_00191,Tight PVGIS 00191,37.709100,-5.744500,iberia,train,benchmark_jitter,es_sevilla,0.900000
pvgist_00245,Tight PVGIS 00245,37.888200,-4.959400,iberia,train,benchmark_jitter,es_cordoba,0.900000
pvgist_00600,Tight PVGIS 00600,37.888200,-4.779400,iberia,train,benchmark_jitter,es_cordoba,0.900000
pvgist_00047,Tight PVGIS 00047,37.888200,-4.599400,iberia,train,benchmark_jitter,es_cordoba,0.900000
pvgist_00696,Tight PVGIS 00696,37.992200,-1.130700,iberia,train,benchmark_jitter,es_murcia,0.900000
pvgist_00548,Tight PVGIS 00548,38.025200,-0.721000,iberia,train,benchmark_jitter,es_alicante,0.900000
pvgist_00228,Tight PVGIS 00228,38.068200,-4.779400,iberia,train,benchmark_jitter,es_cordoba,0.900000
pvgist_00513,Tight PVGIS 00513,38.121400,-7.593500,iberia,train,benchmark_jitter,pt_evora,0.900000
pvgist_00322,Tight PVGIS 00322,38.165200,-0.481000,iberia,train,benchmark_jitter,es_alicante,0.900000
pvgist_00687,Tight PVGIS 00687,38.208200,-4.539400,iberia,train,benchmark_jitter,es_cordoba,0.900000
pvgist_00532,Tight PVGIS 00532,38.251400,-8.153500,iberia,train,benchmark_jitter,pt_evora,0.900000
pvgist_00512,Tight PVGIS 00512,38.272300,-8.819300,iberia,train,benchmark_jitter,pt_lisboa,0.900000
pvgist_00335,Tight PVGIS 00335,38.312200,-0.890700,iberia,train,benchmark_jitter,es_murcia,0.900000
pvgist_00614,Tight PVGIS 00614,38.345200,-0.661000,iberia,train,benchmark_jitter,es_alicante,0.900000
pvgist_00135,Tight PVGIS 00135,38.345200,-0.481000,iberia,train,benchmark_jitter,es_alicante,0.900000
pvgist_00253,Tight PVGIS 00253,38.391400,-7.913500,iberia,train,benchmark_jitter,pt_evora,0.900000
pvgist_00427,Tight PVGIS 00427,38.402300,-9.379300,iberia,train,benchmark_jitter,pt_lisboa,0.900000
pvgist_00579,Tight PVGIS 00579,38.442200,-1.450700,iberia,train,benchmark_jitter,es_murcia,0.900000
pvgist_00347,Tight PVGIS 00347,38.571400,-7.913500,iberia,train,benchmark_jitter,pt_evora,0.900000
pvgist_00021,Tight PVGIS 00021,38.571400,-7.733500,iberia,train,benchmark_jitter,pt_evora,0.900000
pvgist_00196,Tight PVGIS 00196,38.722300,-9.319300,iberia,train,benchmark_jitter,pt_lisboa,0.900000
pvgist_00126,Tight PVGIS 00126,38.902300,-9.139300,iberia,train,benchmark_jitter,pt_lisboa,0.900000
pvgist_00334,Tight PVGIS 00334,39.019900,-0.056300,iberia,train,benchmark_jitter,es_valencia,0.900000
pvgist_00133,Tight PVGIS 00133,39.021400,-8.233500,iberia,train,benchmark_jitter,pt_evora,0.900000
pvgist_00499,Tight PVGIS 00499,39.649900,-0.376300,iberia,train,benchmark_jitter,es_valencia,0.900000
pvgist_00039,Tight PVGIS 00039,39.789900,-0.136300,iberia,train,benchmark_jitter,es_valencia,0.900000
pvgist_00262,Tight PVGIS 00262,39.883300,-8.650300,iberia,train,benchmark_jitter,pt_coimbra,0.900000
pvgist_00075,Tight PVGIS 00075,39.919900,-0.696300,iberia,train,benchmark_jitter,es_valencia,0.900000
pvgist_00408,Tight PVGIS 00408,40.096800,-3.943800,iberia,test,benchmark_jitter,es_madrid,0.900000
pvgist_00379,Tight PVGIS 00379,40.203300,-8.590300,iberia,test,benchmark_jitter,pt_coimbra,0.900000
pvgist_00636,Tight PVGIS 00636,40.203300,-8.410300,iberia,test,benchmark_jitter,pt_coimbra,0.900000
pvgist_00346,Tight PVGIS 00346,40.203300,-8.230300,iberia,test,benchmark_jitter,pt_coimbra,0.900000
pvgist_00349,Tight PVGIS 00349,40.236800,-3.703800,iberia,test,benchmark_jitter,es_madrid,0.900000
pvgist_00462,Tight PVGIS 00462,40.416800,-3.883800,iberia,test,benchmark_jitter,es_madrid,0.900000
pvgist_00364,Tight PVGIS 00364,40.416800,-3.523800,iberia,test,benchmark_jitter,es_madrid,0.900000
pvgist_00306,Tight PVGIS 00306,40.596800,-3.703800,iberia,test,benchmark_jitter,es_madrid,0.900000
pvgist_00018,Tight PVGIS 00018,40.937400,2.488600,iberia,train,benchmark_jitter,es_barcelona,0.900000
pvgist_00634,Tight PVGIS 00634,41.095400,-8.106500,iberia,test,benchmark_jitter,pt_braga,0.900000
pvgist_00243,Tight PVGIS 00243,41.157900,-8.809100,iberia,test,benchmark_jitter,pt_porto,0.900000
pvgist_00587,Tight PVGIS 00587,41.202300,-4.404500,iberia,test,benchmark_jitter,es_valladolid,0.900000
pvgist_00371,Tight PVGIS 00371,41.207400,2.168600,iberia,train,benchmark_jitter,es_barcelona,0.900000
pvgist_00469,Tight PVGIS 00469,41.225400,-8.666500,iberia,test,benchmark_jitter,pt_braga,0.900000
pvgist_00008,Tight PVGIS 00008,41.337900,-8.629100,iberia,test,benchmark_jitter,pt_porto,0.900000
pvgist_00451,Tight PVGIS 00451,41.387400,2.168600,iberia,train,benchmark_jitter,es_barcelona,0.900000
pvgist_00479,Tight PVGIS 00479,41.472300,-4.724500,iberia,test,benchmark_jitter,es_valladolid,0.900000
pvgist_00314,Tight PVGIS 00314,41.648800,-1.069100,iberia,test,benchmark_jitter,es_zaragoza,0.900000
pvgist_00595,Tight PVGIS 00595,41.648800,-0.889100,iberia,test,benchmark_jitter,es_zaragoza,0.900000
pvgist_00091,Tight PVGIS 00091,41.652300,-4.724500,iberia,test,benchmark_jitter,es_valladolid,0.900000
pvgist_00092,Tight PVGIS 00092,41.725400,-8.426500,iberia,test,benchmark_jitter,pt_braga,0.900000
pvgist_00110,Tight PVGIS 00110,41.828800,-0.889100,iberia,test,benchmark_jitter,es_zaragoza,0.900000
pvgist_00003,Tight PVGIS 00003,41.865400,-8.186500,iberia,test,benchmark_jitter,pt_braga,0.900000
pvgist_00058,Tight PVGIS 00058,41.968800,-0.649100,iberia,test,benchmark_jitter,es_zaragoza,0.900000
pvgist_00498,Tight PVGIS 00498,41.995400,-8.746500,iberia,test,benchmark_jitter,pt_braga,0.900000
pvgist_00199,Tight PVGIS 00199,42.098800,-1.209100,iberia,test,benchmark_jitter,es_zaragoza,0.900000
pvgist_00230,Tight PVGIS 00230,42.813000,-2.615000,iberia,test,benchmark_jitter,es_bilbao,0.900000
pvgist_00573,Tight PVGIS 00573,42.943000,-3.175000,iberia,test,benchmark_jitter,es_bilbao,0.900000
pvgist_00167,Tight PVGIS 00167,43.083000,-2.935000,iberia,test,benchmark_jitter,es_bilbao,0.900000
pvgist_00255,Tight PVGIS 00255,43.263000,-2.755000,iberia,test,benchmark_jitter,es_bilbao,0.900000
pvgist_00633,Tight PVGIS 00633,43.713000,-3.255000,iberia,test,benchmark_jitter,es_bilbao,0.900000
pvgist_00528,Tight PVGIS 00528,42.141800,13.976100,italy_adriatic,train,benchmark_jitter,it_pescara,0.900000
pvgist_00584,Tight PVGIS 00584,42.281800,14.216100,italy_adriatic,train,benchmark_jitter,it_pescara,0.900000
pvgist_00608,Tight PVGIS 00608,42.461800,14.036100,italy_adriatic,train,benchmark_jitter,it_pescara,0.900000
pvgist_00267,Tight PVGIS 00267,42.461800,14.216100,italy_adriatic,train,benchmark_jitter,it_pescara,0.900000
pvgist_00067,Tight PVGIS 00067,42.781800,14.456100,italy_adriatic,train,benchmark_jitter,it_pescara,0.900000
pvgist_00641,Tight PVGIS 00641,43.435800,13.518900,italy_adriatic,train,benchmark_jitter,it_ancona,0.900000
pvgist_00341,Tight PVGIS 00341,43.615800,13.518900,italy_adriatic,train,benchmark_jitter,it_ancona,0.900000
pvgist_00493,Tight PVGIS 00493,43.617800,12.889500,italy_adriatic,train,benchmark_jitter,it_rimini,0.900000
pvgist_00344,Tight PVGIS 00344,43.935800,13.758900,italy_adriatic,train,benchmark_jitter,it_ancona,0.900000
pvgist_00393,Tight PVGIS 00393,43.968400,12.523500,italy_adriatic,train,benchmark_jitter,it_ravenna,0.900000
pvgist_00464,Tight PVGIS 00464,44.065800,13.198900,italy_adriatic,train,benchmark_jitter,it_ancona,0.900000
pvgist_00278,Tight PVGIS 00278,44.067800,12.389500,italy_adriatic,train,benchmark_jitter,it_rimini,0.900000
pvgist_00697,Tight PVGIS 00697,44.067800,12.569500,italy_adriatic,train,benchmark_jitter,it_rimini,0.900000
pvgist_00520,Tight PVGIS 00520,44.238400,12.203500,italy_adriatic,train,benchmark_jitter,it_ravenna,0.900000
pvgist_00289,Tight PVGIS 00289,44.418400,12.023500,italy_adriatic,train,benchmark_jitter,it_ravenna,0.900000
pvgist_00220,Tight PVGIS 00220,44.868400,11.883500,italy_adriatic,train,benchmark_jitter,it_ravenna,0.900000
pvgist_00129,Tight PVGIS 00129,45.557500,7.320100,italy_alps,train,benchmark_jitter,it_aosta,0.900000
pvgist_00440,Tight PVGIS 00440,45.737500,7.140100,italy_alps,train,benchmark_jitter,it_aosta,0.900000
pvgist_00046,Tight PVGIS 00046,46.048300,11.674800,italy_alps,train,benchmark_jitter,it_bolzano,0.900000
pvgist_00004,Tight PVGIS 00004,46.057500,7.560100,italy_alps,train,benchmark_jitter,it_aosta,0.900000
pvgist_00231,Tight PVGIS 00231,46.074800,11.301700,italy_alps,train,benchmark_jitter,it_trento,0.900000
pvgist_00417,Tight PVGIS 00417,46.187500,7.000100,italy_alps,train,benchmark_jitter,it_aosta,0.900000
pvgist_00273,Tight PVGIS 00273,46.524800,10.801700,italy_alps,train,benchmark_jitter,it_trento,0.900000
pvgist_00125,Tight PVGIS 00125,46.678300,11.354800,italy_alps,train,benchmark_jitter,it_bolzano,0.900000
pvgist_00066,Tight PVGIS 00066,40.470000,15.643000,italy_apennines,train,benchmark_jitter,it_potenza,0.900000
pvgist_00261,Tight PVGIS 00261,40.650000,15.643000,italy_apennines,train,benchmark_jitter,it_potenza,0.900000
pvgist_00143,Tight PVGIS 00143,40.650000,15.823000,italy_apennines,train,benchmark_jitter,it_potenza,0.900000
pvgist_00332,Tight PVGIS 00332,41.100000,15.323000,italy_apennines,train,benchmark_jitter,it_potenza,0.900000
pvgist_00377,Tight PVGIS 00377,41.240300,14.422700,italy_apennines,train,benchmark_jitter,it_campobasso,0.900000
pvgist_00049,Tight PVGIS 00049,41.380300,14.662700,italy_apennines,train,benchmark_jitter,it_campobasso,0.900000
pvgist_00316,Tight PVGIS 00316,41.560300,14.842700,italy_apennines,train,benchmark_jitter,it_campobasso,0.900000
pvgist_00465,Tight PVGIS 00465,41.740300,14.662700,italy_apennines,train,benchmark_jitter,it_campobasso,0.900000
pvgist_00177,Tight PVGIS 00177,42.169800,13.399500,italy_apennines,train,benchmark_jitter,it_l_aquila,0.900000
pvgist_00474,Tight PVGIS 00474,42.349800,13.399500,italy_apennines,train,benchmark_jitter,it_l_aquila,0.900000
pvgist_00406,Tight PVGIS 00406,42.529800,13.399500,italy_apennines,train,benchmark_jitter,it_l_aquila,0.900000
pvgist_00111,Tight PVGIS 00111,42.799800,13.079500,italy_apennines,train,benchmark_jitter,it_l_aquila,0.900000
pvgist_00123,Tight PVGIS 00123,41.452800,12.816400,italy_central,train,benchmark_jitter,it_roma,0.900000
pvgist_00443,Tight PVGIS 00443,41.722800,12.496400,italy_central,train,benchmark_jitter,it_roma,0.900000
pvgist_00660,Tight PVGIS 00660,41.902800,12.496400,italy_central,train,benchmark_jitter,it_roma,0.900000
pvgist_00446,Tight PVGIS 00446,41.902800,12.676400,italy_central,train,benchmark_jitter,it_roma,0.900000
pvgist_00698,Tight PVGIS 00698,42.660700,12.710800,italy_central,train,benchmark_jitter,it_perugia,0.900000
pvgist_00246,Tight PVGIS 00246,43.110700,12.210800,italy_central,train,benchmark_jitter,it_perugia,0.900000
pvgist_00455,Tight PVGIS 00455,44.174900,11.102600,italy_emilia,train,benchmark_jitter,it_bologna,0.900000
pvgist_00325,Tight PVGIS 00325,44.467100,10.925200,italy_emilia,train,benchmark_jitter,it_modena,0.900000
pvgist_00108,Tight PVGIS 00108,44.494900,11.162600,italy_emilia,train,benchmark_jitter,it_bologna,0.900000
pvgist_00421,Tight PVGIS 00421,44.494900,11.342600,italy_emilia,train,benchmark_jitter,it_bologna,0.900000
pvgist_00683,Tight PVGIS 00683,44.494900,11.522600,italy_emilia,train,benchmark_jitter,it_bologna,0.900000
pvgist_00543,Tight PVGIS 00543,44.647100,11.105200,italy_emilia,train,benchmark_jitter,it_modena,0.900000
pvgist_00673,Tight PVGIS 00673,44.801500,10.327900,italy_emilia,train,benchmark_jitter,it_parma,0.900000
pvgist_00463,Tight PVGIS 00463,44.801500,10.507900,italy_emilia,train,benchmark_jitter,it_parma,0.900000
pvgist_00472,Tight PVGIS 00472,44.944900,11.022600,italy_emilia,train,benchmark_jitter,it_bologna,0.900000
pvgist_00168,Tight PVGIS 00168,44.967100,11.165200,italy_emilia,train,benchmark_jitter,it_modena,0.900000
pvgist_00290,Tight PVGIS 00290,45.097100,10.605200,italy_emilia,train,benchmark_jitter,it_modena,0.900000
pvgist_00001,Tight PVGIS 00001,45.358100,9.405200,italy_lakes,train,benchmark_jitter,it_como,0.900000
pvgist_00663,Tight PVGIS 00663,45.488100,8.845200,italy_lakes,train,benchmark_jitter,it_como,0.900000
pvgist_00320,Tight PVGIS 00320,45.628100,9.085200,italy_lakes,train,benchmark_jitter,it_como,0.900000
pvgist_00078,Tight PVGIS 00078,45.808100,9.085200,italy_lakes,train,benchmark_jitter,it_como,0.900000
pvgist_00121,Tight PVGIS 00121,45.808100,9.265200,italy_lakes,train,benchmark_jitter,it_como,0.900000
pvgist_00101,Tight PVGIS 00101,46.258100,8.765200,italy_lakes,train,benchmark_jitter,it_como,0.900000
pvgist_00389,Tight PVGIS 00389,44.085600,8.706300,italy_liguria,train,benchmark_jitter,it_genova,0.900000
pvgist_00350,Tight PVGIS 00350,44.102500,9.824100,italy_liguria,train,benchmark_jitter,it_la_spezia,0.900000
pvgist_00657,Tight PVGIS 00657,44.405600,8.766300,italy_liguria,train,benchmark_jitter,it_genova,0.900000
pvgist_00602,Tight PVGIS 00602,44.405600,8.946300,italy_liguria,train,benchmark_jitter,it_genova,0.900000
pvgist_00263,Tight PVGIS 00263,44.405600,9.126300,italy_liguria,train,benchmark_jitter,it_genova,0.900000
pvgist_00174,Tight PVGIS 00174,44.422500,10.064100,italy_liguria,train,benchmark_jitter,it_la_spezia,0.900000
pvgist_00119,Tight PVGIS 00119,44.585600,8.946300,italy_liguria,train,benchmark_jitter,it_genova,0.900000
pvgist_00542,Tight PVGIS 00542,45.284200,9.190000,italy_north,train,benchmark_jitter,it_milano,0.900000
pvgist_00280,Tight PVGIS 00280,45.361600,10.211800,italy_north,train,benchmark_jitter,it_brescia,0.900000
pvgist_00395,Tight PVGIS 00395,45.464200,9.010000,italy_north,train,benchmark_jitter,it_milano,0.900000
pvgist_00059,Tight PVGIS 00059,45.464200,9.370000,italy_north,train,benchmark_jitter,it_milano,0.900000
pvgist_00194,Tight PVGIS 00194,45.541600,10.031800,italy_north,train,benchmark_jitter,it_brescia,0.900000
pvgist_00305,Tight PVGIS 00305,45.698300,9.677300,italy_north,train,benchmark_jitter,it_bergamo,0.900000
pvgist_00063,Tight PVGIS 00063,45.698300,9.857300,italy_north,train,benchmark_jitter,it_bergamo,0.900000
pvgist_00699,Tight PVGIS 00699,45.721600,10.211800,italy_north,train,benchmark_jitter,it_brescia,0.900000
pvgist_00652,Tight PVGIS 00652,45.784200,9.430000,italy_north,train,benchmark_jitter,it_milano,0.900000
pvgist_00547,Tight PVGIS 00547,45.878300,9.677300,italy_north,train,benchmark_jitter,it_bergamo,0.900000
pvgist_00529,Tight PVGIS 00529,45.991600,9.891800,italy_north,train,benchmark_jitter,it_brescia,0.900000
pvgist_00212,Tight PVGIS 00212,46.018300,9.917300,italy_north,train,benchmark_jitter,it_bergamo,0.900000
pvgist_00524,Tight PVGIS 00524,46.148300,9.357300,italy_north,train,benchmark_jitter,it_bergamo,0.900000
pvgist_00448,Tight PVGIS 00448,45.120800,12.075500,italy_northeast,train,benchmark_jitter,it_venezia,0.900000
pvgist_00331,Tight PVGIS 00331,45.199500,14.096800,italy_northeast,train,benchmark_jitter,it_trieste,0.900000
pvgist_00496,Tight PVGIS 00496,45.216900,12.563000,italy_northeast,train,benchmark_jitter,it_treviso,0.900000
pvgist_00568,Tight PVGIS 00568,45.260800,12.315500,italy_northeast,train,benchmark_jitter,it_venezia,0.900000
pvgist_00150,Tight PVGIS 00150,45.329500,13.536800,italy_northeast,train,benchmark_jitter,it_trieste,0.900000
pvgist_00599,Tight PVGIS 00599,45.346900,12.003000,italy_northeast,train,benchmark_jitter,it_treviso,0.900000
pvgist_00582,Tight PVGIS 00582,45.406400,12.056800,italy_northeast,train,benchmark_jitter,it_padova,0.900000
pvgist_00031,Tight PVGIS 00031,45.438400,10.811600,italy_northeast,train,benchmark_jitter,it_verona,0.900000
pvgist_00224,Tight PVGIS 00224,45.440800,12.495500,italy_northeast,train,benchmark_jitter,it_venezia,0.900000
pvgist_00330,Tight PVGIS 00330,45.486900,12.243000,italy_northeast,train,benchmark_jitter,it_treviso,0.900000
pvgist_00577,Tight PVGIS 00577,45.649500,13.956800,italy_northeast,train,benchmark_jitter,it_trieste,0.900000
pvgist_00423,Tight PVGIS 00423,45.666900,12.063000,italy_northeast,train,benchmark_jitter,it_treviso,0.900000
pvgist_00505,Tight PVGIS 00505,45.751100,12.994600,italy_northeast,train,benchmark_jitter,it_udine,0.900000
pvgist_00006,Tight PVGIS 00006,45.758400,11.231600,italy_northeast,train,benchmark_jitter,it_verona,0.900000
pvgist_00211,Tight PVGIS 00211,45.890800,11.995500,italy_northeast,train,benchmark_jitter,it_venezia,0.900000
pvgist_00449,Tight PVGIS 00449,45.891100,13.234600,italy_northeast,train,benchmark_jitter,it_udine,0.900000
pvgist_00471,Tight PVGIS 00471,45.986900,12.483000,italy_northeast,train,benchmark_jitter,it_treviso,0.900000
pvgist_00198,Tight PVGIS 00198,46.071100,13.054600,italy_northeast,train,benchmark_jitter,it_udine,0.900000
pvgist_00056,Tight PVGIS 00056,46.071100,13.234600,italy_northeast,train,benchmark_jitter,it_udine,0.900000
pvgist_00010,Tight PVGIS 00010,46.071100,13.414600,italy_northeast,train,benchmark_jitter,it_udine,0.900000
pvgist_00553,Tight PVGIS 00553,46.099500,13.456800,italy_northeast,train,benchmark_jitter,it_trieste,0.900000
pvgist_00358,Tight PVGIS 00358,46.251100,13.234600,italy_northeast,train,benchmark_jitter,it_udine,0.900000
pvgist_00192,Tight PVGIS 00192,43.934500,7.862700,italy_northwest,train,benchmark_jitter,it_cuneo,0.900000
pvgist_00372,Tight PVGIS 00372,44.204500,7.542700,italy_northwest,train,benchmark_jitter,it_cuneo,0.900000
pvgist_00378,Tight PVGIS 00378,44.384500,7.362700,italy_northwest,train,benchmark_jitter,it_cuneo,0.900000
pvgist_00661,Tight PVGIS 00661,44.384500,7.542700,italy_northwest,train,benchmark_jitter,it_cuneo,0.900000
pvgist_00173,Tight PVGIS 00173,44.384500,7.722700,italy_northwest,train,benchmark_jitter,it_cuneo,0.900000
pvgist_00549,Tight PVGIS 00549,44.564500,7.542700,italy_northwest,train,benchmark_jitter,it_cuneo,0.900000
pvgist_00037,Tight PVGIS 00037,44.620300,8.006900,italy_northwest,train,benchmark_jitter,it_torino,0.900000
pvgist_00045,Tight PVGIS 00045,44.704500,7.782700,italy_northwest,train,benchmark_jitter,it_cuneo,0.900000
pvgist_00571,Tight PVGIS 00571,44.750300,7.446900,italy_northwest,train,benchmark_jitter,it_torino,0.900000
pvgist_00144,Tight PVGIS 00144,44.890300,7.686900,italy_northwest,train,benchmark_jitter,it_torino,0.900000
pvgist_00103,Tight PVGIS 00103,45.070300,7.506900,italy_northwest,train,benchmark_jitter,it_torino,0.900000
pvgist_00089,Tight PVGIS 00089,45.250300,7.686900,italy_northwest,train,benchmark_jitter,it_torino,0.900000
pvgist_00503,Tight PVGIS 00503,45.390300,7.926900,italy_northwest,train,benchmark_jitter,it_torino,0.900000
pvgist_00500,Tight PVGIS 00500,45.446900,8.622200,italy_northwest,train,benchmark_jitter,it_novara,0.900000
pvgist_00655,Tight PVGIS 00655,45.520300,7.366900,italy_northwest,train,benchmark_jitter,it_torino,0.900000
pvgist_00388,Tight PVGIS 00388,45.896900,8.302200,italy_northwest,train,benchmark_jitter,it_novara,0.900000
pvgist_00329,Tight PVGIS 00329,38.773800,9.441700,italy_sardinia,test,benchmark_jitter,it_cagliari,0.900000
pvgist_00158,Tight PVGIS 00158,38.903800,8.881700,italy_sardinia,test,benchmark_jitter,it_cagliari,0.900000
pvgist_00354,Tight PVGIS 00354,39.043800,9.121700,italy_sardinia,test,benchmark_jitter,it_cagliari,0.900000
pvgist_00336,Tight PVGIS 00336,39.543800,9.361700,italy_sardinia,test,benchmark_jitter,it_cagliari,0.900000
pvgist_00214,Tight PVGIS 00214,39.673800,8.801700,italy_sardinia,test,benchmark_jitter,it_cagliari,0.900000
pvgist_00566,Tight PVGIS 00566,40.275900,8.875700,italy_sardinia,train,benchmark_jitter,it_sassari,0.900000
pvgist_00040,Tight PVGIS 00040,40.405900,8.315700,italy_sardinia,train,benchmark_jitter,it_sassari,0.900000
pvgist_00142,Tight PVGIS 00142,40.473600,9.816400,italy_sardinia,train,benchmark_jitter,it_olbia,0.900000
pvgist_00120,Tight PVGIS 00120,40.725900,8.555700,italy_sardinia,train,benchmark_jitter,it_sassari,0.900000
pvgist_00266,Tight PVGIS 00266,40.725900,8.735700,italy_sardinia,train,benchmark_jitter,it_sassari,0.900000
pvgist_00274,Tight PVGIS 00274,40.743600,9.496400,italy_sardinia,train,benchmark_jitter,it_olbia,0.900000
pvgist_00259,Tight PVGIS 00259,40.923600,9.676400,italy_sardinia,train,benchmark_jitter,it_olbia,0.900000
pvgist_00466,Tight PVGIS 00466,41.175900,8.235700,italy_sardinia,train,benchmark_jitter,it_sassari,0.900000
pvgist_00615,Tight PVGIS 00615,41.243600,9.736400,italy_sardinia,train,benchmark_jitter,it_olbia,0.900000
pvgist_00100,Tight PVGIS 00100,41.373600,9.176400,italy_sardinia,train,benchmark_jitter,it_olbia,0.900000
pvgist_00399,Tight PVGIS 00399,36.625500,15.606600,italy_sicily,train,benchmark_jitter,it_siracusa,0.900000
pvgist_00478,Tight PVGIS 00478,36.895500,15.286600,italy_sicily,train,benchmark_jitter,it_siracusa,0.900000
pvgist_00627,Tight PVGIS 00627,37.057900,15.403000,italy_sicily,train,benchmark_jitter,it_catania,0.900000
pvgist_00097,Tight PVGIS 00097,37.075500,15.466600,italy_sicily,train,benchmark_jitter,it_siracusa,0.900000
pvgist_00218,Tight PVGIS 00218,37.187900,14.843000,italy_sicily,train,benchmark_jitter,it_catania,0.900000
pvgist_00254,Tight PVGIS 00254,37.255500,15.286600,italy_sicily,train,benchmark_jitter,it_siracusa,0.900000
pvgist_00620,Tight PVGIS 00620,37.507900,15.083000,italy_sicily,train,benchmark_jitter,it_catania,0.900000
pvgist_00156,Tight PVGIS 00156,37.687900,15.083000,italy_sicily,train,benchmark_jitter,it_catania,0.900000
pvgist_00206,Tight PVGIS 00206,37.743800,15.874000,italy_sicily,train,benchmark_jitter,it_messina,0.900000
pvgist_00369,Tight PVGIS 00369,37.795700,13.121500,italy_sicily,train,benchmark_jitter,it_palermo,0.900000
pvgist_00430,Tight PVGIS 00430,37.873800,15.314000,italy_sicily,train,benchmark_jitter,it_messina,0.900000
pvgist_00185,Tight PVGIS 00185,37.935700,13.361500,italy_sicily,train,benchmark_jitter,it_palermo,0.900000
pvgist_00027,Tight PVGIS 00027,38.013800,15.554000,italy_sicily,train,benchmark_jitter,it_messina,0.900000
pvgist_00412,Tight PVGIS 00412,38.115700,13.181500,italy_sicily,train,benchmark_jitter,it_palermo,0.900000
pvgist_00095,Tight PVGIS 00095,38.115700,13.361500,italy_sicily,train,benchmark_jitter,it_palermo,0.900000
pvgist_00628,Tight PVGIS 00628,38.193800,15.554000,italy_sicily,train,benchmark_jitter,it_messina,0.900000
pvgist_00391,Tight PVGIS 00391,38.193800,15.734000,italy_sicily,train,benchmark_jitter,it_messina,0.900000
pvgist_00409,Tight PVGIS 00409,38.295700,13.361500,italy_sicily,train,benchmark_jitter,it_palermo,0.900000
pvgist_00576,Tight PVGIS 00576,38.513800,15.794000,italy_sicily,train,benchmark_jitter,it_messina,0.900000
pvgist_00632,Tight PVGIS 00632,38.565700,13.041500,italy_sicily,train,benchmark_jitter,it_palermo,0.900000
pvgist_00116,Tight PVGIS 00116,38.111300,15.827300,italy_south,train,benchmark_jitter,it_reggio_calabria,0.900000
pvgist_00240,Tight PVGIS 00240,38.291300,15.647300,italy_south,train,benchmark_jitter,it_reggio_calabria,0.900000
pvgist_00188,Tight PVGIS 00188,38.431300,15.887300,italy_south,train,benchmark_jitter,it_reggio_calabria,0.900000
pvgist_00256,Tight PVGIS 00256,38.459800,16.907700,italy_south,train,benchmark_jitter,it_catanzaro,0.900000
pvgist_00019,Tight PVGIS 00019,38.561300,15.327300,italy_south,train,benchmark_jitter,it_reggio_calabria,0.900000
pvgist_00607,Tight PVGIS 00607,38.589800,16.347700,italy_south,train,benchmark_jitter,it_catanzaro,0.900000
pvgist_00166,Tight PVGIS 00166,38.729800,16.587700,italy_south,train,benchmark_jitter,it_catanzaro,0.900000
pvgist_00480,Tight PVGIS 00480,38.909800,16.407700,italy_south,train,benchmark_jitter,it_catanzaro,0.900000
pvgist_00625,Tight PVGIS 00625,38.909800,16.767700,italy_south,train,benchmark_jitter,it_catanzaro,0.900000
pvgist_00247,Tight PVGIS 00247,39.089800,16.587700,italy_south,train,benchmark_jitter,it_catanzaro,0.900000
pvgist_00415,Tight PVGIS 00415,39.229800,16.827700,italy_south,train,benchmark_jitter,it_catanzaro,0.900000
pvgist_00574,Tight PVGIS 00574,39.359800,16.267700,italy_south,train,benchmark_jitter,it_catanzaro,0.900000
pvgist_00572,Tight PVGIS 00572,39.901500,18.495000,italy_south,train,benchmark_jitter,it_lecce,0.900000
pvgist_00147,Tight PVGIS 00147,40.031500,17.935000,italy_south,train,benchmark_jitter,it_lecce,0.900000
pvgist_00284,Tight PVGIS 00284,40.171500,18.175000,italy_south,train,benchmark_jitter,it_lecce,0.900000
pvgist_00689,Tight PVGIS 00689,40.232400,15.088100,italy_south,train,benchmark_jitter,it_salerno,0.900000
pvgist_00353,Tight PVGIS 00353,40.284400,17.247000,italy_south,train,benchmark_jitter,it_taranto,0.900000
pvgist_00452,Tight PVGIS 00452,40.351500,17.995000,italy_south,train,benchmark_jitter,it_lecce,0.900000
pvgist_00249,Tight PVGIS 00249,40.362400,14.528100,italy_south,train,benchmark_jitter,it_salerno,0.900000
pvgist_00225,Tight PVGIS 00225,40.401800,14.588100,italy_south,train,benchmark_jitter,it_napoli,0.900000
pvgist_00104,Tight PVGIS 00104,40.531500,18.175000,italy_south,train,benchmark_jitter,it_lecce,0.900000
pvgist_00376,Tight PVGIS 00376,40.644400,17.247000,italy_south,train,benchmark_jitter,it_taranto,0.900000
pvgist_00559,Tight PVGIS 00559,40.667100,17.191900,italy_south,train,benchmark_jitter,it_bari,0.900000
pvgist_00321,Tight PVGIS 00321,40.671500,18.415000,italy_south,train,benchmark_jitter,it_lecce,0.900000
pvgist_00531,Tight PVGIS 00531,40.682400,14.588100,italy_south,train,benchmark_jitter,it_salerno,0.900000
pvgist_00431,Tight PVGIS 00431,40.682400,14.768100,italy_south,train,benchmark_jitter,it_salerno,0.900000
pvgist_00552,Tight PVGIS 00552,40.784400,17.487000,italy_south,train,benchmark_jitter,it_taranto,0.900000
pvgist_00299,Tight PVGIS 00299,40.797100,16.631900,italy_south,train,benchmark_jitter,it_bari,0.900000
pvgist_00396,Tight PVGIS 00396,40.851800,14.088100,italy_south,train,benchmark_jitter,it_napoli,0.900000
pvgist_00385,Tight PVGIS 00385,40.851800,14.448100,italy_south,train,benchmark_jitter,it_napoli,0.900000
pvgist_00298,Tight PVGIS 00298,40.862400,14.768100,italy_south,train,benchmark_jitter,it_salerno,0.900000
pvgist_00422,Tight PVGIS 00422,40.937100,16.871900,italy_south,train,benchmark_jitter,it_bari,0.900000
pvgist_00032,Tight PVGIS 00032,41.031800,14.268100,italy_south,train,benchmark_jitter,it_napoli,0.900000
pvgist_00165,Tight PVGIS 00165,41.117100,16.871900,italy_south,train,benchmark_jitter,it_bari,0.900000
pvgist_00122,Tight PVGIS 00122,41.117100,17.051900,italy_south,train,benchmark_jitter,it_bari,0.900000
pvgist_00504,Tight PVGIS 00504,41.132400,14.448100,italy_south,train,benchmark_jitter,it_salerno,0.900000
pvgist_00090,Tight PVGIS 00090,41.142200,15.304600,italy_south,train,benchmark_jitter,it_foggia,0.900000
pvgist_00186,Tight PVGIS 00186,41.297100,16.871900,italy_south,train,benchmark_jitter,it_bari,0.900000
pvgist_00610,Tight PVGIS 00610,41.301800,13.948100,italy_south,train,benchmark_jitter,it_napoli,0.900000
pvgist_00664,Tight PVGIS 00664,41.437100,17.111900,italy_south,train,benchmark_jitter,it_bari,0.900000
pvgist_00257,Tight PVGIS 00257,41.462200,15.724600,italy_south,train,benchmark_jitter,it_foggia,0.900000
pvgist_00286,Tight PVGIS 00286,41.567100,16.551900,italy_south,train,benchmark_jitter,it_bari,0.900000
pvgist_00598,Tight PVGIS 00598,41.642200,15.544600,italy_south,train,benchmark_jitter,it_foggia,0.900000
pvgist_00536,Tight PVGIS 00536,41.782200,15.784600,italy_south,train,benchmark_jitter,it_foggia,0.900000
pvgist_00044,Tight PVGIS 00044,42.998800,11.090800,italy_tuscany,train,benchmark_jitter,it_siena,0.900000
pvgist_00405,Tight PVGIS 00405,43.098500,10.630600,italy_tuscany,train,benchmark_jitter,it_livorno,0.900000
pvgist_00317,Tight PVGIS 00317,43.138800,11.330800,italy_tuscany,train,benchmark_jitter,it_siena,0.900000
pvgist_00271,Tight PVGIS 00271,43.228500,10.070600,italy_tuscany,train,benchmark_jitter,it_livorno,0.900000
pvgist_00538,Tight PVGIS 00538,43.318800,11.510800,italy_tuscany,train,benchmark_jitter,it_siena,0.900000
pvgist_00592,Tight PVGIS 00592,43.402800,10.161700,italy_tuscany,train,benchmark_jitter,it_pisa,0.900000
pvgist_00611,Tight PVGIS 00611,43.463300,11.879600,italy_tuscany,train,benchmark_jitter,it_arezzo,0.900000
pvgist_00145,Tight PVGIS 00145,43.463300,12.059600,italy_tuscany,train,benchmark_jitter,it_arezzo,0.900000
pvgist_00287,Tight PVGIS 00287,43.498800,11.330800,italy_tuscany,train,benchmark_jitter,it_siena,0.900000
pvgist_00113,Tight PVGIS 00113,43.542800,10.401700,italy_tuscany,train,benchmark_jitter,it_pisa,0.900000
pvgist_00580,Tight PVGIS 00580,43.548500,10.310600,italy_tuscany,train,benchmark_jitter,it_livorno,0.900000
pvgist_00033,Tight PVGIS 00033,43.589600,11.255800,italy_tuscany,train,benchmark_jitter,it_firenze,0.900000
pvgist_00428,Tight PVGIS 00428,43.638800,11.570800,italy_tuscany,train,benchmark_jitter,it_siena,0.900000
pvgist_00229,Tight PVGIS 00229,43.722800,10.221700,italy_tuscany,train,benchmark_jitter,it_pisa,0.900000
pvgist_00195,Tight PVGIS 00195,43.722800,10.401700,italy_tuscany,train,benchmark_jitter,it_pisa,0.900000
pvgist_00264,Tight PVGIS 00264,43.769600,11.075800,italy_tuscany,train,benchmark_jitter,it_firenze,0.900000
pvgist_00560,Tight PVGIS 00560,43.769600,11.255800,italy_tuscany,train,benchmark_jitter,it_firenze,0.900000
pvgist_00315,Tight PVGIS 00315,43.769600,11.435800,italy_tuscany,train,benchmark_jitter,it_firenze,0.900000
pvgist_00242,Tight PVGIS 00242,43.783300,12.119600,italy_tuscany,train,benchmark_jitter,it_arezzo,0.900000
pvgist_00339,Tight PVGIS 00339,43.868500,10.550600,italy_tuscany,train,benchmark_jitter,it_livorno,0.900000
pvgist_00309,Tight PVGIS 00309,43.902800,10.401700,italy_tuscany,train,benchmark_jitter,it_pisa,0.900000
pvgist_00400,Tight PVGIS 00400,43.913300,11.559600,italy_tuscany,train,benchmark_jitter,it_arezzo,0.900000
pvgist_00236,Tight PVGIS 00236,43.998500,9.990600,italy_tuscany,train,benchmark_jitter,it_livorno,0.900000
pvgist_00678,Tight PVGIS 00678,44.089600,11.495800,italy_tuscany,train,benchmark_jitter,it_firenze,0.900000
pvgist_00030,Tight PVGIS 00030,44.172800,10.081700,italy_tuscany,train,benchmark_jitter,it_pisa,0.900000
pvgist_00319,Tight PVGIS 00319,44.219600,10.935800,italy_tuscany,train,benchmark_jitter,it_firenze,0.900000
pvgist_00688,Tight PVGIS 00688,21.035800,39.512500,north_africa_middle_east,train,benchmark_jitter,sa_jeddah,0.900000
pvgist_00038,Tight PVGIS 00038,21.485800,39.192500,north_africa_middle_east,train,benchmark_jitter,sa_jeddah,0.900000
pvgist_00604,Tight PVGIS 00604,21.485800,39.372500,north_africa_middle_east,train,benchmark_jitter,sa_jeddah,0.900000
pvgist_00527,Tight PVGIS 00527,21.665800,39.192500,north_africa_middle_east,train,benchmark_jitter,sa_jeddah,0.900000
pvgist_00365,Tight PVGIS 00365,21.805800,39.432500,north_africa_middle_east,train,benchmark_jitter,sa_jeddah,0.900000
pvgist_00510,Tight PVGIS 00510,21.935800,38.872500,north_africa_middle_east,train,benchmark_jitter,sa_jeddah,0.900000
pvgist_00182,Tight PVGIS 00182,24.533600,46.675300,north_africa_middle_east,validation,benchmark_jitter,sa_riyadh,0.900000
pvgist_00485,Tight PVGIS 00485,24.713600,46.855300,north_africa_middle_east,validation,benchmark_jitter,sa_riyadh,0.900000
pvgist_00509,Tight PVGIS 00509,25.033600,46.915300,north_africa_middle_east,validation,benchmark_jitter,sa_riyadh,0.900000
pvgist_00296,Tight PVGIS 00296,25.163600,46.355300,north_africa_middle_east,validation,benchmark_jitter,sa_riyadh,0.900000
pvgist_00487,Tight PVGIS 00487,25.204800,55.090800,north_africa_middle_east,train,benchmark_jitter,ae_dubai,0.900000
pvgist_00333,Tight PVGIS 00333,25.204800,55.270800,north_africa_middle_east,train,benchmark_jitter,ae_dubai,0.900000
pvgist_00386,Tight PVGIS 00386,25.204800,55.450800,north_africa_middle_east,train,benchmark_jitter,ae_dubai,0.900000
pvgist_00609,Tight PVGIS 00609,25.237200,32.959600,north_africa_middle_east,train,benchmark_jitter,eg_luxor,0.900000
pvgist_00624,Tight PVGIS 00624,25.367200,32.399600,north_africa_middle_east,train,benchmark_jitter,eg_luxor,0.900000
pvgist_00028,Tight PVGIS 00028,25.654800,54.950800,north_africa_middle_east,train,benchmark_jitter,ae_dubai,0.900000
pvgist_00281,Tight PVGIS 00281,25.687200,32.639600,north_africa_middle_east,train,benchmark_jitter,eg_luxor,0.900000
pvgist_00588,Tight PVGIS 00588,25.687200,32.819600,north_africa_middle_east,train,benchmark_jitter,eg_luxor,0.900000
pvgist_00575,Tight PVGIS 00575,25.867200,32.639600,north_africa_middle_east,train,benchmark_jitter,eg_luxor,0.900000
pvgist_00069,Tight PVGIS 00069,26.137200,32.319600,north_africa_middle_east,train,benchmark_jitter,eg_luxor,0.900000
pvgist_00342,Tight PVGIS 00342,29.864400,31.235700,north_africa_middle_east,train,benchmark_jitter,eg_cairo,0.900000
pvgist_00413,Tight PVGIS 00413,30.224400,31.235700,north_africa_middle_east,validation,benchmark_jitter,eg_cairo,0.900000
pvgist_00606,Tight PVGIS 00606,30.364400,31.475700,north_africa_middle_east,validation,benchmark_jitter,eg_cairo,0.900000
pvgist_00268,Tight PVGIS 00268,30.880100,29.678700,north_africa_middle_east,train,benchmark_jitter,eg_alexandria,0.900000
pvgist_00301,Tight PVGIS 00301,31.020100,29.918700,north_africa_middle_east,train,benchmark_jitter,eg_alexandria,0.900000
pvgist_00630,Tight PVGIS 00630,31.179500,-7.661100,north_africa_middle_east,train,benchmark_jitter,ma_marrakech,0.900000
pvgist_00005,Tight PVGIS 00005,31.200100,29.918700,north_africa_middle_east,train,benchmark_jitter,eg_alexandria,0.900000
pvgist_00237,Tight PVGIS 00237,31.200100,30.098700,north_africa_middle_east,validation,benchmark_jitter,eg_alexandria,0.900000
pvgist_00035,Tight PVGIS 00035,31.380100,29.918700,north_africa_middle_east,train,benchmark_jitter,eg_alexandria,0.900000
pvgist_00642,Tight PVGIS 00642,31.449500,-7.981100,north_africa_middle_east,train,benchmark_jitter,ma_marrakech,0.900000
pvgist_00251,Tight PVGIS 00251,31.629500,-7.981100,north_africa_middle_east,train,benchmark_jitter,ma_marrakech,0.900000
pvgist_00540,Tight PVGIS 00540,31.633900,35.670600,north_africa_middle_east,validation,benchmark_jitter,jo_amman,0.900000
pvgist_00327,Tight PVGIS 00327,31.768300,35.213700,north_africa_middle_east,validation,benchmark_jitter,il_jerusalem,0.900000
pvgist_00313,Tight PVGIS 00313,31.768300,35.393700,north_africa_middle_east,validation,benchmark_jitter,il_jerusalem,0.900000
pvgist_00563,Tight PVGIS 00563,31.773900,35.910600,north_africa_middle_east,validation,benchmark_jitter,jo_amman,0.900000
pvgist_00644,Tight PVGIS 00644,31.953900,35.730600,north_africa_middle_east,validation,benchmark_jitter,jo_amman,0.900000
pvgist_00076,Tight PVGIS 00076,31.953900,36.090600,north_africa_middle_east,validation,benchmark_jitter,jo_amman,0.900000
pvgist_00213,Tight PVGIS 00213,32.085300,34.601800,north_africa_middle_east,validation,benchmark_jitter,il_tel_aviv,0.900000
pvgist_00014,Tight PVGIS 00014,32.133900,35.910600,north_africa_middle_east,validation,benchmark_jitter,jo_amman,0.900000
pvgist_00020,Tight PVGIS 00020,32.218300,34.893700,north_africa_middle_east,validation,benchmark_jitter,il_jerusalem,0.900000
pvgist_00591,Tight PVGIS 00591,32.265300,34.781800,north_africa_middle_east,validation,benchmark_jitter,il_tel_aviv,0.900000
pvgist_00640,Tight PVGIS 00640,32.273900,36.150600,north_africa_middle_east,validation,benchmark_jitter,jo_amman,0.900000
pvgist_00106,Tight PVGIS 00106,32.535300,34.461800,north_africa_middle_east,validation,benchmark_jitter,il_tel_aviv,0.900000
pvgist_00234,Tight PVGIS 00234,32.567200,12.951300,north_africa_middle_east,train,benchmark_jitter,ly_tripoli,0.900000
pvgist_00248,Tight PVGIS 00248,32.707200,13.191300,north_africa_middle_east,train,benchmark_jitter,ly_tripoli,0.900000
pvgist_00468,Tight PVGIS 00468,32.887200,13.011300,north_africa_middle_east,train,benchmark_jitter,ly_tripoli,0.900000
pvgist_00515,Tight PVGIS 00515,32.887200,13.191300,north_africa_middle_east,train,benchmark_jitter,ly_tripoli,0.900000
pvgist_00283,Tight PVGIS 00283,33.067200,13.191300,north_africa_middle_east,train,benchmark_jitter,ly_tripoli,0.900000
pvgist_00522,Tight PVGIS 00522,33.123100,-7.269800,north_africa_middle_east,train,benchmark_jitter,ma_casablanca,0.900000
pvgist_00295,Tight PVGIS 00295,33.337200,12.871300,north_africa_middle_east,train,benchmark_jitter,ly_tripoli,0.900000
pvgist_00002,Tight PVGIS 00002,33.443800,35.821800,north_africa_middle_east,validation,benchmark_jitter,lb_beirut,0.900000
pvgist_00061,Tight PVGIS 00061,33.570900,-6.521600,north_africa_middle_east,train,benchmark_jitter,ma_rabat,0.900000
pvgist_00530,Tight PVGIS 00530,33.573100,-7.589800,north_africa_middle_east,train,benchmark_jitter,ma_casablanca,0.900000
pvgist_00470,Tight PVGIS 00470,33.698100,-5.247800,north_africa_middle_east,train,benchmark_jitter,ma_fes,0.900000
pvgist_00351,Tight PVGIS 00351,33.700900,-7.081600,north_africa_middle_east,train,benchmark_jitter,ma_rabat,0.900000
pvgist_00138,Tight PVGIS 00138,33.753100,-7.589800,north_africa_middle_east,train,benchmark_jitter,ma_casablanca,0.900000
pvgist_00141,Tight PVGIS 00141,33.840900,-6.841600,north_africa_middle_east,train,benchmark_jitter,ma_rabat,0.900000
pvgist_00221,Tight PVGIS 00221,33.893800,35.321800,north_africa_middle_east,validation,benchmark_jitter,lb_beirut,0.900000
pvgist_00444,Tight PVGIS 00444,33.893800,35.501800,north_africa_middle_east,validation,benchmark_jitter,lb_beirut,0.900000
pvgist_00084,Tight PVGIS 00084,33.893800,35.681800,north_africa_middle_east,validation,benchmark_jitter,lb_beirut,0.900000
pvgist_00589,Tight PVGIS 00589,34.018100,-5.187800,north_africa_middle_east,train,benchmark_jitter,ma_fes,0.900000
pvgist_00204,Tight PVGIS 00204,34.018100,-5.007800,north_africa_middle_east,train,benchmark_jitter,ma_fes,0.900000
pvgist_00099,Tight PVGIS 00099,34.020900,-6.841600,north_africa_middle_east,train,benchmark_jitter,ma_rabat,0.900000
pvgist_00163,Tight PVGIS 00163,34.020900,-6.661600,north_africa_middle_east,train,benchmark_jitter,ma_rabat,0.900000
pvgist_00495,Tight PVGIS 00495,34.198100,-5.007800,north_africa_middle_east,train,benchmark_jitter,ma_fes,0.900000
pvgist_00433,Tight PVGIS 00433,34.200900,-6.841600,north_africa_middle_east,train,benchmark_jitter,ma_rabat,0.900000
pvgist_00426,Tight PVGIS 00426,34.290600,11.080300,north_africa_middle_east,train,benchmark_jitter,tn_sfax,0.900000
pvgist_00139,Tight PVGIS 00139,34.343800,35.181800,north_africa_middle_east,validation,benchmark_jitter,lb_beirut,0.900000
pvgist_00102,Tight PVGIS 00102,34.740600,10.580300,north_africa_middle_east,train,benchmark_jitter,tn_sfax,0.900000
pvgist_00445,Tight PVGIS 00445,34.740600,10.760300,north_africa_middle_east,train,benchmark_jitter,tn_sfax,0.900000
pvgist_00546,Tight PVGIS 00546,34.865600,33.142300,north_africa_middle_east,validation,benchmark_jitter,cy_nicosia,0.900000
pvgist_00304,Tight PVGIS 00304,34.920600,10.760300,north_africa_middle_east,train,benchmark_jitter,tn_sfax,0.900000
pvgist_00208,Tight PVGIS 00208,35.185600,33.202300,north_africa_middle_east,validation,benchmark_jitter,cy_nicosia,0.900000
pvgist_00484,Tight PVGIS 00484,35.247100,-0.310800,north_africa_middle_east,train,benchmark_jitter,dz_oran,0.900000
pvgist_00489,Tight PVGIS 00489,35.517100,-0.630800,north_africa_middle_east,train,benchmark_jitter,dz_oran,0.900000
pvgist_00238,Tight PVGIS 00238,36.147100,-0.950800,north_africa_middle_east,train,benchmark_jitter,dz_oran,0.900000
pvgist_00578,Tight PVGIS 00578,36.753800,3.058800,north_africa_middle_east,test,benchmark_jitter,dz_algiers,0.900000
pvgist_00219,Tight PVGIS 00219,36.806500,10.181500,north_africa_middle_east,train,benchmark_jitter,tn_tunis,0.900000
pvgist_00387,Tight PVGIS 00387,36.933800,3.058800,north_africa_middle_east,test,benchmark_jitter,dz_algiers,0.900000
pvgist_00382,Tight PVGIS 00382,36.986500,10.181500,north_africa_middle_east,train,benchmark_jitter,tn_tunis,0.900000
pvgist_00425,Tight PVGIS 00425,37.073800,3.298800,north_africa_middle_east,test,benchmark_jitter,dz_algiers,0.900000
pvgist_00441,Tight PVGIS 00441,37.203800,2.738800,north_africa_middle_east,test,benchmark_jitter,dz_algiers,0.900000
